pkt_num,timestamp,switch,in_port,src_mac,dst_mac,eth_type,protocol,src_ip,dst_ip,src_port,dst_port,flags,icmp_type,action
175,2026-04-15 20:42:11.578,1,1,00:00:00:00:00:01,33:33:00:00:00:02,IPv6,IPv6,,,,,,,FLOOD
176,2026-04-15 20:42:11.587,2,3,00:00:00:00:00:01,33:33:00:00:00:02,IPv6,IPv6,,,,,,,FLOOD
1,2026-04-15 20:45:25.601,1,2,00:00:00:00:00:02,33:33:ff:00:00:02,IPv6,IPv6,,,,,,,FLOOD
2,2026-04-15 20:45:25.754,1,3,42:d9:8c:7e:b1:f7,33:33:00:00:00:16,IPv6,IPv6,,,,,,,FLOOD
3,2026-04-15 20:45:25.758,2,2,00:00:00:00:00:04,33:33:ff:00:00:04,IPv6,IPv6,,,,,,,FLOOD
4,2026-04-15 20:45:25.765,1,3,00:00:00:00:00:04,33:33:ff:00:00:04,IPv6,IPv6,,,,,,,FLOOD
5,2026-04-15 20:45:25.817,1,1,00:00:00:00:00:01,33:33:ff:00:00:01,IPv6,IPv6,,,,,,,FLOOD
6,2026-04-15 20:45:25.823,2,3,00:00:00:00:00:01,33:33:ff:00:00:01,IPv6,IPv6,,,,,,,FLOOD
7,2026-04-15 20:45:25.954,1,2,00:00:00:00:00:02,33:33:00:00:00:16,IPv6,IPv6,,,,,,,FLOOD
8,2026-04-15 20:45:25.962,2,3,00:00:00:00:00:02,33:33:00:00:00:16,IPv6,IPv6,,,,,,,FLOOD
9,2026-04-15 20:45:26.021,1,3,42:d9:8c:7e:b1:f7,33:33:ff:7e:b1:f7,IPv6,IPv6,,,,,,,FLOOD
10,2026-04-15 20:45:26.075,2,3,b6:73:71:bc:3a:64,33:33:00:00:00:16,IPv6,IPv6,,,,,,,FLOOD
11,2026-04-15 20:45:26.077,2,3,b6:73:71:bc:3a:64,33:33:ff:bc:3a:64,IPv6,IPv6,,,,,,,FLOOD
12,2026-04-15 20:45:26.137,1,1,00:00:00:00:00:01,33:33:00:00:00:16,IPv6,IPv6,,,,,,,FLOOD
13,2026-04-15 20:45:26.139,2,1,00:00:00:00:00:03,33:33:ff:00:00:03,IPv6,IPv6,,,,,,,FLOOD
14,2026-04-15 20:45:26.144,2,3,00:00:00:00:00:01,33:33:00:00:00:16,IPv6,IPv6,,,,,,,FLOOD
15,2026-04-15 20:45:26.146,1,3,00:00:00:00:00:03,33:33:ff:00:00:03,IPv6,IPv6,,,,,,,FLOOD
16,2026-04-15 20:45:26.199,2,2,00:00:00:00:00:04,33:33:00:00:00:16,IPv6,IPv6,,,,,,,FLOOD
17,2026-04-15 20:45:26.206,1,3,00:00:00:00:00:04,33:33:00:00:00:16,IPv6,IPv6,,,,,,,FLOOD
18,2026-04-15 20:45:26.665,1,2,00:00:00:00:00:02,33:33:00:00:00:16,IPv6,IPv6,,,,,,,FLOOD
19,2026-04-15 20:45:26.668,1,2,00:00:00:00:00:02,33:33:00:00:00:02,IPv6,IPv6,,,,,,,FLOOD
20,2026-04-15 20:45:26.674,2,3,00:00:00:00:00:02,33:33:00:00:00:16,IPv6,IPv6,,,,,,,FLOOD
21,2026-04-15 20:45:26.675,2,3,00:00:00:00:00:02,33:33:00:00:00:02,IPv6,IPv6,,,,,,,FLOOD
22,2026-04-15 20:45:26.784,2,2,00:00:00:00:00:04,33:33:00:00:00:16,IPv6,IPv6,,,,,,,FLOOD
23,2026-04-15 20:45:26.787,2,2,00:00:00:00:00:04,33:33:00:00:00:02,IPv6,IPv6,,,,,,,FLOOD
24,2026-04-15 20:45:26.794,1,3,00:00:00:00:00:04,33:33:00:00:00:16,IPv6,IPv6,,,,,,,FLOOD
25,2026-04-15 20:45:26.798,1,3,00:00:00:00:00:04,33:33:00:00:00:02,IPv6,IPv6,,,,,,,FLOOD
26,2026-04-15 20:45:26.839,1,1,00:00:00:00:00:01,33:33:00:00:00:16,IPv6,IPv6,,,,,,,FLOOD
27,2026-04-15 20:45:26.840,1,1,00:00:00:00:00:01,33:33:00:00:00:02,IPv6,IPv6,,,,,,,FLOOD
28,2026-04-15 20:45:26.846,2,3,00:00:00:00:00:01,33:33:00:00:00:16,IPv6,IPv6,,,,,,,FLOOD
29,2026-04-15 20:45:26.847,2,3,00:00:00:00:00:01,33:33:00:00:00:02,IPv6,IPv6,,,,,,,FLOOD
30,2026-04-15 20:45:27.037,1,3,42:d9:8c:7e:b1:f7,33:33:00:00:00:16,IPv6,IPv6,,,,,,,FLOOD
31,2026-04-15 20:45:27.038,1,3,42:d9:8c:7e:b1:f7,33:33:00:00:00:02,IPv6,IPv6,,,,,,,FLOOD
32,2026-04-15 20:45:27.040,1,3,42:d9:8c:7e:b1:f7,33:33:00:00:00:16,IPv6,IPv6,,,,,,,FLOOD
33,2026-04-15 20:45:27.086,1,1,00:00:00:00:00:01,33:33:00:00:00:16,IPv6,IPv6,,,,,,,FLOOD
34,2026-04-15 20:45:27.101,2,3,00:00:00:00:00:01,33:33:00:00:00:16,IPv6,IPv6,,,,,,,FLOOD
35,2026-04-15 20:45:27.107,2,3,b6:73:71:bc:3a:64,33:33:00:00:00:16,IPv6,IPv6,,,,,,,FLOOD
36,2026-04-15 20:45:27.110,2,3,b6:73:71:bc:3a:64,33:33:00:00:00:02,IPv6,IPv6,,,,,,,FLOOD
37,2026-04-15 20:45:27.122,2,3,b6:73:71:bc:3a:64,33:33:00:00:00:16,IPv6,IPv6,,,,,,,FLOOD
38,2026-04-15 20:45:27.145,1,3,42:d9:8c:7e:b1:f7,33:33:00:00:00:fb,IPv6,IPv6,,,,,,,FLOOD
39,2026-04-15 20:45:27.159,2,1,00:00:00:00:00:03,33:33:00:00:00:16,IPv6,IPv6,,,,,,,FLOOD
40,2026-04-15 20:45:27.160,2,1,00:00:00:00:00:03,33:33:00:00:00:02,IPv6,IPv6,,,,,,,FLOOD
41,2026-04-15 20:45:27.169,1,3,00:00:00:00:00:03,33:33:00:00:00:16,IPv6,IPv6,,,,,,,FLOOD
42,2026-04-15 20:45:27.206,1,3,00:00:00:00:00:03,33:33:00:00:00:02,IPv6,IPv6,,,,,,,FLOOD
43,2026-04-15 20:45:27.207,2,3,b6:73:71:bc:3a:64,33:33:00:00:00:fb,IPv6,IPv6,,,,,,,FLOOD
44,2026-04-15 20:45:27.252,1,3,42:d9:8c:7e:b1:f7,33:33:00:00:00:fb,IPv6,IPv6,,,,,,,FLOOD
45,2026-04-15 20:45:27.287,1,2,00:00:00:00:00:02,33:33:00:00:00:16,IPv6,IPv6,,,,,,,FLOOD
46,2026-04-15 20:45:27.295,2,3,00:00:00:00:00:02,33:33:00:00:00:16,IPv6,IPv6,,,,,,,FLOOD
47,2026-04-15 20:45:27.313,2,3,b6:73:71:bc:3a:64,33:33:00:00:00:fb,IPv6,IPv6,,,,,,,FLOOD
48,2026-04-15 20:45:27.481,2,2,00:00:00:00:00:04,33:33:00:00:00:16,IPv6,IPv6,,,,,,,FLOOD
49,2026-04-15 20:45:27.490,1,3,00:00:00:00:00:04,33:33:00:00:00:16,IPv6,IPv6,,,,,,,FLOOD
50,2026-04-15 20:45:27.525,1,3,42:d9:8c:7e:b1:f7,33:33:00:00:00:fb,IPv6,IPv6,,,,,,,FLOOD
51,2026-04-15 20:45:27.597,2,3,b6:73:71:bc:3a:64,33:33:00:00:00:fb,IPv6,IPv6,,,,,,,FLOOD
52,2026-04-15 20:45:27.676,2,3,b6:73:71:bc:3a:64,33:33:00:00:00:16,IPv6,IPv6,,,,,,,FLOOD
53,2026-04-15 20:45:27.756,1,3,42:d9:8c:7e:b1:f7,33:33:00:00:00:fb,IPv6,IPv6,,,,,,,FLOOD
54,2026-04-15 20:45:27.849,2,3,b6:73:71:bc:3a:64,33:33:00:00:00:fb,IPv6,IPv6,,,,,,,FLOOD
55,2026-04-15 20:45:27.876,2,1,00:00:00:00:00:03,33:33:00:00:00:16,IPv6,IPv6,,,,,,,FLOOD
56,2026-04-15 20:45:27.886,1,3,00:00:00:00:00:03,33:33:00:00:00:16,IPv6,IPv6,,,,,,,FLOOD
57,2026-04-15 20:45:27.931,1,3,42:d9:8c:7e:b1:f7,33:33:00:00:00:16,IPv6,IPv6,,,,,,,FLOOD
58,2026-04-15 20:45:27.970,1,3,42:d9:8c:7e:b1:f7,33:33:00:00:00:fb,IPv6,IPv6,,,,,,,FLOOD
59,2026-04-15 20:45:27.996,1,3,42:d9:8c:7e:b1:f7,33:33:00:00:00:16,IPv6,IPv6,,,,,,,FLOOD
60,2026-04-15 20:45:28.047,2,3,b6:73:71:bc:3a:64,33:33:00:00:00:fb,IPv6,IPv6,,,,,,,FLOOD
61,2026-04-15 20:45:28.123,2,3,b6:73:71:bc:3a:64,33:33:00:00:00:16,IPv6,IPv6,,,,,,,FLOOD
62,2026-04-15 20:45:28.151,1,3,42:d9:8c:7e:b1:f7,33:33:00:00:00:fb,IPv6,IPv6,,,,,,,FLOOD
63,2026-04-15 20:45:28.206,2,3,b6:73:71:bc:3a:64,33:33:00:00:00:fb,IPv6,IPv6,,,,,,,FLOOD
64,2026-04-15 20:45:29.131,1,3,42:d9:8c:7e:b1:f7,33:33:00:00:00:fb,IPv6,IPv6,,,,,,,FLOOD
65,2026-04-15 20:45:29.203,2,3,b6:73:71:bc:3a:64,33:33:00:00:00:fb,IPv6,IPv6,,,,,,,FLOOD
66,2026-04-15 20:45:30.144,1,3,42:d9:8c:7e:b1:f7,33:33:00:00:00:fb,IPv6,IPv6,,,,,,,FLOOD
67,2026-04-15 20:45:30.211,2,3,b6:73:71:bc:3a:64,33:33:00:00:00:fb,IPv6,IPv6,,,,,,,FLOOD
68,2026-04-15 20:45:30.423,2,2,00:00:00:00:00:04,33:33:00:00:00:02,IPv6,IPv6,,,,,,,FLOOD
69,2026-04-15 20:45:30.430,1,3,00:00:00:00:00:04,33:33:00:00:00:02,IPv6,IPv6,,,,,,,FLOOD
70,2026-04-15 20:45:30.552,1,2,00:00:00:00:00:02,33:33:00:00:00:02,IPv6,IPv6,,,,,,,FLOOD
71,2026-04-15 20:45:30.559,2,3,00:00:00:00:00:02,33:33:00:00:00:02,IPv6,IPv6,,,,,,,FLOOD
72,2026-04-15 20:45:30.615,1,1,00:00:00:00:00:01,33:33:00:00:00:02,IPv6,IPv6,,,,,,,FLOOD
73,2026-04-15 20:45:30.622,2,3,00:00:00:00:00:01,33:33:00:00:00:02,IPv6,IPv6,,,,,,,FLOOD
74,2026-04-15 20:45:30.813,2,3,b6:73:71:bc:3a:64,33:33:00:00:00:02,IPv6,IPv6,,,,,,,FLOOD
75,2026-04-15 20:45:31.000,2,1,00:00:00:00:00:03,33:33:00:00:00:02,IPv6,IPv6,,,,,,,FLOOD
76,2026-04-15 20:45:31.007,1,3,00:00:00:00:00:03,33:33:00:00:00:02,IPv6,IPv6,,,,,,,FLOOD
77,2026-04-15 20:45:31.291,1,3,42:d9:8c:7e:b1:f7,33:33:00:00:00:fb,IPv6,IPv6,,,,,,,FLOOD
78,2026-04-15 20:45:31.381,2,3,b6:73:71:bc:3a:64,33:33:00:00:00:fb,IPv6,IPv6,,,,,,,FLOOD
79,2026-04-15 20:45:31.771,1,3,42:d9:8c:7e:b1:f7,33:33:00:00:00:02,IPv6,IPv6,,,,,,,FLOOD
80,2026-04-15 20:45:34.147,1,3,42:d9:8c:7e:b1:f7,33:33:00:00:00:fb,IPv6,IPv6,,,,,,,FLOOD
81,2026-04-15 20:45:34.212,2,3,b6:73:71:bc:3a:64,33:33:00:00:00:fb,IPv6,IPv6,,,,,,,FLOOD
82,2026-04-15 20:45:37.235,1,1,00:00:00:00:00:01,ff:ff:ff:ff:ff:ff,ARP,ARP,,,,,,,FLOOD
83,2026-04-15 20:45:37.265,1,2,00:00:00:00:00:02,00:00:00:00:00:01,ARP,ARP,,,,,,,FORWARD
84,2026-04-15 20:45:37.268,2,3,00:00:00:00:00:01,ff:ff:ff:ff:ff:ff,ARP,ARP,,,,,,,FLOOD
85,2026-04-15 20:45:37.338,1,1,00:00:00:00:00:01,00:00:00:00:00:02,IPv4,ICMP,10.0.0.1,10.0.0.2,,,,Echo Request,FORWARD
86,2026-04-15 20:45:37.389,1,2,00:00:00:00:00:02,00:00:00:00:00:01,IPv4,ICMP,10.0.0.2,10.0.0.1,,,,Echo Reply,FORWARD
87,2026-04-15 20:45:37.911,1,1,00:00:00:00:00:01,33:33:00:00:00:02,IPv6,IPv6,,,,,,,FLOOD
88,2026-04-15 20:45:37.912,2,2,00:00:00:00:00:04,33:33:00:00:00:02,IPv6,IPv6,,,,,,,FLOOD
89,2026-04-15 20:45:37.918,1,3,00:00:00:00:00:04,33:33:00:00:00:02,IPv6,IPv6,,,,,,,FLOOD
90,2026-04-15 20:45:37.919,2,3,00:00:00:00:00:01,33:33:00:00:00:02,IPv6,IPv6,,,,,,,FLOOD
91,2026-04-15 20:45:38.423,1,2,00:00:00:00:00:02,33:33:00:00:00:02,IPv6,IPv6,,,,,,,FLOOD
92,2026-04-15 20:45:38.424,2,1,00:00:00:00:00:03,33:33:00:00:00:02,IPv6,IPv6,,,,,,,FLOOD
93,2026-04-15 20:45:38.426,2,3,b6:73:71:bc:3a:64,33:33:00:00:00:02,IPv6,IPv6,,,,,,,FLOOD
94,2026-04-15 20:45:38.429,2,3,00:00:00:00:00:02,33:33:00:00:00:02,IPv6,IPv6,,,,,,,FLOOD
95,2026-04-15 20:45:38.430,1,3,00:00:00:00:00:03,33:33:00:00:00:02,IPv6,IPv6,,,,,,,FLOOD
96,2026-04-15 20:45:40.475,1,3,42:d9:8c:7e:b1:f7,33:33:00:00:00:02,IPv6,IPv6,,,,,,,FLOOD
97,2026-04-15 20:45:42.143,1,3,42:d9:8c:7e:b1:f7,33:33:00:00:00:fb,IPv6,IPv6,,,,,,,FLOOD
98,2026-04-15 20:45:42.210,2,3,b6:73:71:bc:3a:64,33:33:00:00:00:fb,IPv6,IPv6,,,,,,,FLOOD
99,2026-04-15 20:45:42.519,1,2,00:00:00:00:00:02,00:00:00:00:00:01,ARP,ARP,,,,,,,FORWARD
100,2026-04-15 20:45:42.528,1,1,00:00:00:00:00:01,00:00:00:00:00:02,ARP,ARP,,,,,,,FORWARD
101,2026-04-15 20:45:46.309,1,1,00:00:00:00:00:01,ff:ff:ff:ff:ff:ff,ARP,ARP,,,,,,,FLOOD
102,2026-04-15 20:45:46.318,2,3,00:00:00:00:00:01,ff:ff:ff:ff:ff:ff,ARP,ARP,,,,,,,FLOOD
103,2026-04-15 20:45:46.326,2,1,00:00:00:00:00:03,00:00:00:00:00:01,ARP,ARP,,,,,,,FORWARD
104,2026-04-15 20:45:46.372,1,3,00:00:00:00:00:03,00:00:00:00:00:01,ARP,ARP,,,,,,,FORWARD
105,2026-04-15 20:45:46.377,1,1,00:00:00:00:00:01,00:00:00:00:00:03,IPv4,ICMP,10.0.0.1,10.0.0.3,,,,Echo Request,FORWARD
106,2026-04-15 20:45:46.423,2,3,00:00:00:00:00:01,00:00:00:00:00:03,IPv4,ICMP,10.0.0.1,10.0.0.3,,,,Echo Request,FORWARD
107,2026-04-15 20:45:46.430,2,1,00:00:00:00:00:03,00:00:00:00:00:01,IPv4,ICMP,10.0.0.3,10.0.0.1,,,,Echo Reply,FORWARD
108,2026-04-15 20:45:46.479,1,3,00:00:00:00:00:03,00:00:00:00:00:01,IPv4,ICMP,10.0.0.3,10.0.0.1,,,,Echo Reply,FORWARD
109,2026-04-15 20:45:51.735,2,1,00:00:00:00:00:03,00:00:00:00:00:01,ARP,ARP,,,,,,,FORWARD
110,2026-04-15 20:45:51.743,1,3,00:00:00:00:00:03,00:00:00:00:00:01,ARP,ARP,,,,,,,FORWARD
111,2026-04-15 20:45:51.749,1,1,00:00:00:00:00:01,00:00:00:00:00:03,ARP,ARP,,,,,,,FORWARD
112,2026-04-15 20:45:51.797,2,3,00:00:00:00:00:01,00:00:00:00:00:03,ARP,ARP,,,,,,,FORWARD
113,2026-04-15 20:45:52.257,1,1,00:00:00:00:00:01,33:33:00:00:00:02,IPv6,IPv6,,,,,,,FLOOD
114,2026-04-15 20:45:52.264,2,3,00:00:00:00:00:01,33:33:00:00:00:02,IPv6,IPv6,,,,,,,FLOOD
115,2026-04-15 20:45:52.761,1,2,00:00:00:00:00:02,33:33:00:00:00:02,IPv6,IPv6,,,,,,,FLOOD
116,2026-04-15 20:45:52.765,2,1,00:00:00:00:00:03,33:33:00:00:00:02,IPv6,IPv6,,,,,,,FLOOD
117,2026-04-15 20:45:52.770,2,3,00:00:00:00:00:02,33:33:00:00:00:02,IPv6,IPv6,,,,,,,FLOOD
118,2026-04-15 20:45:52.773,1,3,00:00:00:00:00:03,33:33:00:00:00:02,IPv6,IPv6,,,,,,,FLOOD
119,2026-04-15 20:45:53.271,2,2,00:00:00:00:00:04,33:33:00:00:00:02,IPv6,IPv6,,,,,,,FLOOD
120,2026-04-15 20:45:53.280,1,3,00:00:00:00:00:04,33:33:00:00:00:02,IPv6,IPv6,,,,,,,FLOOD
121,2026-04-15 20:45:53.788,2,3,b6:73:71:bc:3a:64,33:33:00:00:00:02,IPv6,IPv6,,,,,,,FLOOD
122,2026-04-15 20:45:54.570,1,1,00:00:00:00:00:01,ff:ff:ff:ff:ff:ff,ARP,ARP,,,,,,,FLOOD
123,2026-04-15 20:45:54.576,2,3,00:00:00:00:00:01,ff:ff:ff:ff:ff:ff,ARP,ARP,,,,,,,FLOOD
124,2026-04-15 20:45:54.583,2,2,00:00:00:00:00:04,00:00:00:00:00:01,ARP,ARP,,,,,,,FORWARD
125,2026-04-15 20:45:54.630,1,3,00:00:00:00:00:04,00:00:00:00:00:01,ARP,ARP,,,,,,,FORWARD
126,2026-04-15 20:45:54.639,1,1,00:00:00:00:00:01,00:00:00:00:00:04,IPv4,1,10.0.0.1,10.0.0.4,,,,,DROP
127,2026-04-15 20:45:57.884,1,3,42:d9:8c:7e:b1:f7,33:33:00:00:00:02,IPv6,IPv6,,,,,,,FLOOD
128,2026-04-15 20:45:58.147,1,3,42:d9:8c:7e:b1:f7,33:33:00:00:00:fb,IPv6,IPv6,,,,,,,FLOOD
129,2026-04-15 20:45:58.214,2,3,b6:73:71:bc:3a:64,33:33:00:00:00:fb,IPv6,IPv6,,,,,,,FLOOD
130,2026-04-15 20:46:19.389,1,1,00:00:00:00:00:01,33:33:00:00:00:02,IPv6,IPv6,,,,,,,FLOOD
131,2026-04-15 20:46:19.397,2,3,00:00:00:00:00:01,33:33:00:00:00:02,IPv6,IPv6,,,,,,,FLOOD
132,2026-04-15 20:46:21.431,1,2,00:00:00:00:00:02,33:33:00:00:00:02,IPv6,IPv6,,,,,,,FLOOD
133,2026-04-15 20:46:21.438,2,3,00:00:00:00:00:02,33:33:00:00:00:02,IPv6,IPv6,,,,,,,FLOOD
134,2026-04-15 20:46:22.455,2,1,00:00:00:00:00:03,33:33:00:00:00:02,IPv6,IPv6,,,,,,,FLOOD
135,2026-04-15 20:46:22.462,1,3,00:00:00:00:00:03,33:33:00:00:00:02,IPv6,IPv6,,,,,,,FLOOD
136,2026-04-15 20:46:23.996,2,3,b6:73:71:bc:3a:64,33:33:00:00:00:02,IPv6,IPv6,,,,,,,FLOOD
137,2026-04-15 20:46:25.015,2,2,00:00:00:00:00:04,33:33:00:00:00:02,IPv6,IPv6,,,,,,,FLOOD
138,2026-04-15 20:46:25.026,1,3,00:00:00:00:00:04,33:33:00:00:00:02,IPv6,IPv6,,,,,,,FLOOD
139,2026-04-15 20:46:30.149,1,3,42:d9:8c:7e:b1:f7,33:33:00:00:00:fb,IPv6,IPv6,,,,,,,FLOOD
140,2026-04-15 20:46:30.214,2,3,b6:73:71:bc:3a:64,33:33:00:00:00:fb,IPv6,IPv6,,,,,,,FLOOD
141,2026-04-15 20:46:33.723,1,3,42:d9:8c:7e:b1:f7,33:33:00:00:00:02,IPv6,IPv6,,,,,,,FLOOD
142,2026-04-15 20:46:44.446,1,1,00:00:00:00:00:01,00:00:00:00:00:02,IPv4,TCP,10.0.0.1,10.0.0.2,58038,5001,SYN,,FORWARD
143,2026-04-15 20:46:44.450,1,2,00:00:00:00:00:02,00:00:00:00:00:01,IPv4,TCP,10.0.0.2,10.0.0.1,5001,58038,SYN|ACK,,FORWARD
144,2026-04-15 20:46:49.590,1,2,00:00:00:00:00:02,00:00:00:00:00:01,ARP,ARP,,,,,,,FORWARD
145,2026-04-15 20:46:49.851,1,1,00:00:00:00:00:01,00:00:00:00:00:02,ARP,ARP,,,,,,,FORWARD
146,2026-04-15 20:47:11.125,1,1,00:00:00:00:00:01,00:00:00:00:00:02,IPv4,TCP,10.0.0.1,10.0.0.2,53120,5001,SYN,,FORWARD
147,2026-04-15 20:47:11.133,1,2,00:00:00:00:00:02,00:00:00:00:00:01,IPv4,TCP,10.0.0.2,10.0.0.1,5001,53120,SYN|ACK,,FORWARD
148,2026-04-15 20:47:14.844,1,1,00:00:00:00:00:01,33:33:00:00:00:02,IPv6,IPv6,,,,,,,FLOOD
149,2026-04-15 20:47:14.851,2,3,00:00:00:00:00:01,33:33:00:00:00:02,IPv6,IPv6,,,,,,,FLOOD
150,2026-04-15 20:47:18.775,2,1,00:00:00:00:00:03,33:33:00:00:00:02,IPv6,IPv6,,,,,,,FLOOD
151,2026-04-15 20:47:18.783,1,3,00:00:00:00:00:03,33:33:00:00:00:02,IPv6,IPv6,,,,,,,FLOOD
152,2026-04-15 20:47:22.871,1,2,00:00:00:00:00:02,33:33:00:00:00:02,IPv6,IPv6,,,,,,,FLOOD
153,2026-04-15 20:47:22.877,2,3,b6:73:71:bc:3a:64,33:33:00:00:00:02,IPv6,IPv6,,,,,,,FLOOD
154,2026-04-15 20:47:22.883,2,3,00:00:00:00:00:02,33:33:00:00:00:02,IPv6,IPv6,,,,,,,FLOOD
155,2026-04-15 20:47:26.967,2,2,00:00:00:00:00:04,33:33:00:00:00:02,IPv6,IPv6,,,,,,,FLOOD
156,2026-04-15 20:47:26.973,1,3,00:00:00:00:00:04,33:33:00:00:00:02,IPv6,IPv6,,,,,,,FLOOD
157,2026-04-15 20:47:34.149,1,3,42:d9:8c:7e:b1:f7,33:33:00:00:00:fb,IPv6,IPv6,,,,,,,FLOOD
158,2026-04-15 20:47:34.218,2,3,b6:73:71:bc:3a:64,33:33:00:00:00:fb,IPv6,IPv6,,,,,,,FLOOD
159,2026-04-15 20:47:43.356,1,3,42:d9:8c:7e:b1:f7,33:33:00:00:00:02,IPv6,IPv6,,,,,,,FLOOD
160,2026-04-15 20:48:57.082,1,1,00:00:00:00:00:01,33:33:00:00:00:02,IPv6,IPv6,,,,,,,FLOOD
161,2026-04-15 20:48:57.100,2,3,00:00:00:00:00:01,33:33:00:00:00:02,IPv6,IPv6,,,,,,,FLOOD
162,2026-04-15 20:49:09.370,2,1,00:00:00:00:00:03,33:33:00:00:00:02,IPv6,IPv6,,,,,,,FLOOD
163,2026-04-15 20:49:09.395,1,3,00:00:00:00:00:03,33:33:00:00:00:02,IPv6,IPv6,,,,,,,FLOOD
164,2026-04-15 20:49:21.656,1,2,00:00:00:00:00:02,33:33:00:00:00:02,IPv6,IPv6,,,,,,,FLOOD
165,2026-04-15 20:49:21.660,2,3,b6:73:71:bc:3a:64,33:33:00:00:00:02,IPv6,IPv6,,,,,,,FLOOD
166,2026-04-15 20:49:21.663,2,3,00:00:00:00:00:02,33:33:00:00:00:02,IPv6,IPv6,,,,,,,FLOOD
167,2026-04-15 20:49:33.945,2,2,00:00:00:00:00:04,33:33:00:00:00:02,IPv6,IPv6,,,,,,,FLOOD
168,2026-04-15 20:49:33.953,1,3,00:00:00:00:00:04,33:33:00:00:00:02,IPv6,IPv6,,,,,,,FLOOD
169,2026-04-15 20:49:42.154,1,3,42:d9:8c:7e:b1:f7,33:33:00:00:00:fb,IPv6,IPv6,,,,,,,FLOOD
170,2026-04-15 20:49:42.220,2,3,b6:73:71:bc:3a:64,33:33:00:00:00:fb,IPv6,IPv6,,,,,,,FLOOD
171,2026-04-15 20:49:58.523,1,3,42:d9:8c:7e:b1:f7,33:33:00:00:00:02,IPv6,IPv6,,,,,,,FLOOD
172,2026-04-15 20:51:56.452,1,1,00:00:00:00:00:01,00:00:00:00:00:03,IPv4,TCP,10.0.0.1,10.0.0.3,39748,5001,SYN,,FORWARD
173,2026-04-15 20:51:56.460,2,3,00:00:00:00:00:01,00:00:00:00:00:03,IPv4,TCP,10.0.0.1,10.0.0.3,39748,5001,SYN,,FORWARD
174,2026-04-15 20:51:56.471,2,1,00:00:00:00:00:03,00:00:00:00:00:01,IPv4,TCP,10.0.0.3,10.0.0.1,5001,39748,SYN|ACK,,FORWARD
175,2026-04-15 20:51:56.522,1,3,00:00:00:00:00:03,00:00:00:00:00:01,IPv4,TCP,10.0.0.3,10.0.0.1,5001,39748,SYN|ACK,,FORWARD
176,2026-04-15 20:52:01.911,2,1,00:00:00:00:00:03,00:00:00:00:00:01,ARP,ARP,,,,,,,FORWARD
177,2026-04-15 20:52:01.918,1,3,00:00:00:00:00:03,00:00:00:00:00:01,ARP,ARP,,,,,,,FORWARD
178,2026-04-15 20:52:02.199,1,1,00:00:00:00:00:01,00:00:00:00:00:03,ARP,ARP,,,,,,,FORWARD
179,2026-04-15 20:52:02.206,2,3,00:00:00:00:00:01,00:00:00:00:00:03,ARP,ARP,,,,,,,FORWARD
180,2026-04-15 20:52:13.687,1,1,00:00:00:00:00:01,33:33:00:00:00:02,IPv6,IPv6,,,,,,,FLOOD
181,2026-04-15 20:52:13.694,2,3,00:00:00:00:00:01,33:33:00:00:00:02,IPv6,IPv6,,,,,,,FLOOD
182,2026-04-15 20:52:34.168,2,1,00:00:00:00:00:03,33:33:00:00:00:02,IPv6,IPv6,,,,,,,FLOOD
183,2026-04-15 20:52:34.175,1,3,00:00:00:00:00:03,33:33:00:00:00:02,IPv6,IPv6,,,,,,,FLOOD
184,2026-04-15 20:53:15.130,1,2,00:00:00:00:00:02,33:33:00:00:00:02,IPv6,IPv6,,,,,,,FLOOD
185,2026-04-15 20:53:15.138,2,3,00:00:00:00:00:02,33:33:00:00:00:02,IPv6,IPv6,,,,,,,FLOOD
186,2026-04-15 20:53:19.229,2,3,b6:73:71:bc:3a:64,33:33:00:00:00:02,IPv6,IPv6,,,,,,,FLOOD
187,2026-04-15 20:53:51.994,2,2,00:00:00:00:00:04,33:33:00:00:00:02,IPv6,IPv6,,,,,,,FLOOD
188,2026-04-15 20:53:52.001,1,3,00:00:00:00:00:04,33:33:00:00:00:02,IPv6,IPv6,,,,,,,FLOOD
189,2026-04-15 20:53:58.158,1,3,42:d9:8c:7e:b1:f7,33:33:00:00:00:fb,IPv6,IPv6,,,,,,,FLOOD
190,2026-04-15 20:53:58.220,2,3,b6:73:71:bc:3a:64,33:33:00:00:00:fb,IPv6,IPv6,,,,,,,FLOOD
191,2026-04-15 20:54:12.479,1,3,42:d9:8c:7e:b1:f7,33:33:00:00:00:02,IPv6,IPv6,,,,,,,FLOOD
192,2026-04-15 20:59:07.387,2,1,00:00:00:00:00:03,33:33:00:00:00:02,IPv6,IPv6,,,,,,,FLOOD
193,2026-04-15 20:59:07.391,1,1,00:00:00:00:00:01,33:33:00:00:00:02,IPv6,IPv6,,,,,,,FLOOD
194,2026-04-15 20:59:07.395,1,3,00:00:00:00:00:03,33:33:00:00:00:02,IPv6,IPv6,,,,,,,FLOOD
195,2026-04-15 20:59:07.397,2,3,00:00:00:00:00:01,33:33:00:00:00:02,IPv6,IPv6,,,,,,,FLOOD
196,2026-04-15 21:01:18.457,1,2,00:00:00:00:00:02,33:33:00:00:00:02,IPv6,IPv6,,,,,,,FLOOD
197,2026-04-15 21:01:18.464,2,3,b6:73:71:bc:3a:64,33:33:00:00:00:02,IPv6,IPv6,,,,,,,FLOOD
198,2026-04-15 21:01:18.466,2,3,00:00:00:00:00:02,33:33:00:00:00:02,IPv6,IPv6,,,,,,,FLOOD
199,2026-04-15 21:02:30.163,1,3,42:d9:8c:7e:b1:f7,33:33:00:00:00:fb,IPv6,IPv6,,,,,,,FLOOD
200,2026-04-15 21:02:30.221,2,3,b6:73:71:bc:3a:64,33:33:00:00:00:fb,IPv6,IPv6,,,,,,,FLOOD
201,2026-04-15 21:02:56.759,2,2,00:00:00:00:00:04,33:33:00:00:00:02,IPv6,IPv6,,,,,,,FLOOD
202,2026-04-15 21:02:56.763,1,3,42:d9:8c:7e:b1:f7,33:33:00:00:00:02,IPv6,IPv6,,,,,,,FLOOD
203,2026-04-15 21:02:56.766,1,3,00:00:00:00:00:04,33:33:00:00:00:02,IPv6,IPv6,,,,,,,FLOOD
